[
    {
         "countryName":"India",
        "CId":"001",
        "stateName":"TamilNadu",
        "SId":"001",
        "cityName":"Chennai",
        "RId":"001",
        "RDescription":"Chn"
    },
    {
        "countryName":"India",
         "CId":"001",
       "stateName":"TamilNadu",
       "SId":"001",
       "cityName":"Madurai",
       "RId":"002",
       "RDescription":"Mad"
   },
   {
    "countryName":"India",
     "CId":"001",
   "stateName":"TamilNadu",
   "SId":"001",
   "cityName":"Thanjavur",
   "RId":"003",
   "RDescription":"Tha"
},
   {
         "countryName":"India",
          "CId":"001",
        "stateName":"Andhra Pradesh",
        "SId":"002",
        "SDescription":"AP",
        "cityName":"Kurnool",
       "RId":"004",
   "RDescription":"Kur"
    },
    {
        "countryName":"India",
         "CId":"001",
       "stateName":"Andhra Pradesh",
       "SId":"002",
       "SDescription":"AP",
       "cityName":"Vizag",
      "RId":"005",
  "RDescription":"Viz"
   },
   {
      "countryName":"India",
          "CId":"001",
        "stateName":"Karnataka",
        "SId":"003",
        "SDescription":"KA",
        "cityName":"Bangalore",
      "RId":"006",
  "RDescription":"Ban"
    },
    {
        "countryName":"India",
            "CId":"001",
          "stateName":"Karnataka",
          "SId":"003",
          "SDescription":"KA",
          "cityName":"Mangalore",
        "RId":"007",
    "RDescription":"Man"
      },
    {
         "countryName":"Australia",
        "CId":"002",
        "stateName":"New South Wales",
        "SId":"004",
        "SDescription":"NSW",
        "cityName":"DummyDataMangalore",
        "RId":"008",
    "RDescription":"Man"
    },
    {
        "countryName":"Australia",
       "CId":"002",
       "stateName":"New South Wales",
       "SId":"004",
       "SDescription":"NSW",
       "cityName":"DummyDataMysore",
       "RId":"009",
   "RDescription":"Man"
   },
   {
        "countryName":"Australia",
        "CId":"002",
        "stateName":"Victoria",
        "SId":"005",
        "SDescription":"Vic", "cityName":"DummyDataMangalore",
        "RId":"010",
    "RDescription":"Man"
    },
    {
       "countryName":"Pakistan",
       "CId":"003",
        "stateName":"New South Wales",
        "SId":"006",
        "SDescription":"NSW",
        "cityName":"DummyDataMangalore",
        "RId":"011",
    "RDescription":"Man"
    },
   {
       "countryName":"Pakistan",
       "CId":"003",
       "stateName":"Victoria",
        "SId":"007",
        "SDescription":"Vic",
        "cityName":"DummyDataMangalore",
        "RId":"012",
    "RDescription":"Man"
    },
    {
             "countryName":"USA",
          "CId":"004",
        "stateName":"New South Wales",
        "SId":"008",
        "SDescription":"NSW",
        "cityName":"DummyDataMangalore",
        "RId":"013",
    "RDescription":"Man"
    },
   {
        "countryName":"USA",
          "CId":"004",
        "stateName":"Victoria",
        "SId":"009",
        "SDescription":"Vic",
        "cityName":"DummyDataMangalore",
        "RId":"014",
    "RDescription":"Man"
    },     
          {
         "countryName":"UK",
          "CId":"005",
        "stateName":"New South Wales",
        "SId":"010",
        "SDescription":"NSW",
        "cityName":"DummyDataMangalore",
        "RId":"015",
    "RDescription":"Man"
    },
   {
        "countryName":"UK",
           "CId":"005",
        "stateName":"Victoria",
        "SId":"011",
        "SDescription":"Vic",
        "cityName":"DummyDataMangalore",
        "RId":"016",
    "RDescription":"Man"
    },
    {

  "countryName":"France",
   "CId":"006",
  "stateName":"New South Wales",
        "SId":"012",
        "SDescription":"NSW",
        "cityName":"DummyDataMangalore",
        "RId":"017",
    "RDescription":"Man"
    },
   {
      "countryName":"France",
        "CId":"006",
        "stateName":"Victoria",
        "SId":"013",
        "SDescription":"Vic",
        "cityName":"DummyDataMangalore",
        "RId":"018",
    "RDescription":"Man"
    },
    {
           "countryName":"Germany",
          "CId":"007",
        "stateName":"New South Wales",
        "SId":"014",
        "SDescription":"NSW",
        "cityName":"DummyDataMangalore",
        "RId":"019",
    "RDescription":"Man"
    },
     {
      "countryName":"RSA",
        "CId":"008",
        "stateName":"Victoria",
        "SId":"015",
        "SDescription":"Vic",
        "cityName":"DummyDataMangalore",
        "RId":"020",
    "RDescription":"Man"
      },

    {
        "countryName":"RSA",
         "CId":"008",
        "stateName":"New South Wales",
        "SId":"016",
        "SDescription":"NSW",
        "cityName":"DummyDataMangalore",
        "RId":"021",
    "RDescription":"Man"

    },
   {
        "countryName":"RSA",
         "CId":"008",
        "stateName":"Victoria",
        "SId":"017",
        "SDescription":"Vic",
        "cityName":"DummyDataMangalore",
        "RId":"022",
    "RDescription":"Man"
    },
    {
       "countryName":"Japan",
        "CId":"009",
        "stateName":"New South Wales",
        "SId":"018",
        "SDescription":"NSW",
        "cityName":"DummyDataMangalore",
        "RId":"023",
    "RDescription":"Man"
    },
   {
         "countryName":"Japan",
          "CId":"009",
        "stateName":"Victoria",
        "SId":"019",
        "SDescription":"Vic",
        "cityName":"DummyDataMangalore",
        "RId":"024",
    "RDescription":"Man"
    }
]