[{
    "countryName":"India",
      "CId":"001",
        "Cdescription":"Ind"
},
{
    "countryName":"Australia",
     "CId":"002",
        "Cdescription":"Aus"
},
{
    "countryName":"Pakistan",
     "CId":"003",
        "Cdescription":"Pak"

},
{
    "countryName":"USA",
"CId":"004",
        "Cdescription":"US"
},
{
 "countryName":"UK",
    "CId":"005",
        "Cdescription":"UK"

},
{
    "countryName":"France",
        "CId":"006",
        "Cdescription":"Fr"
},
{
    "countryName":"Germany",
     "CId":"007",
        "Cdescription":"Ger"

},
{
    "countryName":"RSA",
    "CId":"008",
        "Cdescription":"RSA"
},
 {
    "countryName":"Japan",
          "CId":"009",
        "Cdescription":"Japan"
}

]