[

 

    

 

        

 

    {
         "countryName":"India",
          "CId":"001",
        "stateName":"TamilNadu",
        "SId":"001",
        "SDescription":"TN"

 

    },

 

   {
         "countryName":"India",
          "CId":"001",
        "stateName":"Andhra Pradesh",
        "SId":"002",
        "SDescription":"AP"

 

    },

 

     {
      "countryName":"India",
          "CId":"001",
        "stateName":"Karnataka",
        "SId":"003",
        "SDescription":"KA"

 

    },

 

 

 

 

 

 

 

    {
         "countryName":"Australia",
        "CId":"002",
        "stateName":"New South Wales",
        "SId":"004",
        "SDescription":"NSW"

 

    },

 

   {
        "countryName":"Australia",
        "CId":"002",
        "stateName":"Victoria",
        "SId":"005",
        "SDescription":"Vic"

 

    },

 

 

 

 

 

    {
       "countryName":"Pakistan",
       "CId":"003",
        "stateName":"New South Wales",
        "SId":"006",
        "SDescription":"NSW"

 

    },

 

   {
       "countryName":"Pakistan",
       "CId":"003",
       "stateName":"Victoria",
        "SId":"007",
        "SDescription":"Vic"

 

    },

 

 

 

 

 

    {
             "countryName":"USA",
          "CId":"004",
        "stateName":"New South Wales",
        "SId":"008",
        "SDescription":"NSW"

 

    },

 

   {
        "countryName":"USA",
          "CId":"004",
        "stateName":"Victoria",
        "SId":"009",
        "SDescription":"Vic"

 

    },

 

 

 

        
          {

 

         "countryName":"UK",
          "CId":"005",
        "stateName":"New South Wales",
        "SId":"010",
        "SDescription":"NSW"

 

    },

 

   {
        "countryName":"UK",
           "CId":"005",
        "stateName":"Victoria",
        "SId":"011",
        "SDescription":"Vic"

 

    },

 

 

 

    {

  "countryName":"France",
   "CId":"006",
  "stateName":"New South Wales",
        "SId":"012",
        "SDescription":"NSW"

 

    },

 

   {
      "countryName":"France",
        "CId":"006",
        "stateName":"Victoria",
        "SId":"013",
        "SDescription":"Vic"

 

    },

 

 

 

 

 

    {
           "countryName":"Germany",
          "CId":"007",
        "stateName":"New South Wales",
        "SId":"014",
        "SDescription":"NSW"

 

    },

 

     {
      "countryName":"RSA",
        "CId":"008",
        "stateName":"Victoria",
        "SId":"015",
        "SDescription":"Vic"

 

      },

 

 

 

 

 

 

    {
        "countryName":"RSA",
         "CId":"008",
        "stateName":"New South Wales",
        "SId":"016",
        "SDescription":"NSW"

 

    },

 

   {
        "countryName":"RSA",
         "CId":"008",
        "stateName":"Victoria",
        "SId":"017",
        "SDescription":"Vic"

 

    },

 

 

 

 

 

    {
       "countryName":"Japan",
        "CId":"009",
        "stateName":"New South Wales",
        "SId":"018",
        "SDescription":"NSW"

 

    },

 

   {
         "countryName":"Japan",
          "CId":"009",
        "stateName":"Victoria",
        "SId":"019",
        "SDescription":"Vic"

 

    }
]

 