{
    "navebar":{
        "navebar_title":"Une université",
           "admin":"Admin",
        "logout":"Se déconnecter"
    },
    "submit":"soumettre",
    "reset":"réinitialiser",
    "Admin":{
        "home":{
            "home_text":"Une université - Tableau de bord d'administration"
        },
        "onboarding":{
     "onbording_text":"Intégration de Sanofi"

   },
        "userlist":{
            "search":"Tapez pour rechercher..",
            "adduser":"Ajouterr",
            "tablehead":{
                "s.no":"S.non",
                 "name":"NOM",
                "email":"E-mail",
                "phone":"Téléphone",
                "country":"PAYS",
                "edit":"Modifier",
                "remove":"Retirer"
            },
            "confirm":"Etes-vous sûr de vouloir supprimer un utilisateur ?",
            "yes":"Oui",
            "no":"NoN"
        },
        "content_edit":{
            "dashboarheader":"En-tête du tableau de bord",
            "dashboard":"Tableau de bord"
        },

        "logo":
        {
          "logolabel":"Logo à changer",
          "logocognizant":"Cognizant",
          "logosanofi":"Sanofi"

        },

        "sidebar":{
            "home":"Page d'accueil",
            "onboarding":"Intégration",
            "contentedit":"Modification",
            "logo":"changer de logo",
            "theming":"Thématisation"
        },
        "form":{
            "firstname":"Prénom",
            "lastname":"Nom de famille",
            "email":"E-mail",
            "mobile":"Numéro de téléphone",
            "password":"Mot de passe",
            "confirmPassword":"Confirmez le mot de passe",
            "country":"Pays",
            "state":"État",
            "city":"Ville",
            "address":"Adresse",
            "dob":"Date de naissance"
        }
    },

    "Landing_Page":{
        "sec1title":"Sanofi - Conscient",
        "sec2title":"Se former et s'informer",
        "readmore":"En savoir plus",
        "readless":"sans lecture",
        "ticker":"Sanofi S.A. est une société multinationale française de produits pharmaceutiques et de soins de santé dont le siège est à Paris, en France. A l'origine, la société a été créée en 1973 et a fusionné avec Synthélabo en 1999 pour former Sanofi-Synthélabo."
    }
}