{
 
    "navebar":{
        "navebar_title":"One University",
        "admin":"Admin",
        "logout":"Logout"
    },
    "submit":"submit",
    "reset":"Reset",
    "Admin":{
        "home":{
            "home_text":"One University - Admin Dashboard"
        },
        "onboarding":{
            "onbording_text":"Sanofi Onboarding"
        },
        "userlist":{
            "search":"Type to search..",
            "adduser":"Add User",
            "tablehead":{
                "s.no":"S.NO",
                "name":"NAME",
                "email":"Email",
                "phone":"PHONE",
                "country":"COUNTRY",
                "edit":"EDIT",
                "remove":"REMOVE"
            },
            "confirm":"Are you sure you want to delete user?",
            "yes":"Yes",
            "no":"No"
        },
        "content_edit":{
            "dashboarheader":"Dashboard Header",
            "dashboard":"Dashboard"
        },
        "sidebar":{
            "home":"Home Page",
            "onboarding":"Onboarding",
            "contentedit":"Contentedit",
            "logo":"Change Logo",
            "theming":"Theming"
        },
      
        "logo":
        {
          "logolabel":"Logo to be changed",
          "logocognizant":"Cognizant",
          "logosanofi":"Sanofi"

        },


        "form":{
            "firstname":"First Name",
            "lastname":"Last Name",
            "email":"Email",
            "mobile":"Phone Number",
            "password":"Password",
            "confirmPassword":"Confirm Password",
            "country":"Country",
            "state":"State",
            "city":"City",
            "address":"Address",
            "dob":"DOB"
        }

    },
    "Landing_Page":{
        "sec1title":"Sanofi - Cognizant",
        "sec2title":"Getting Trained & Informed",
        "readmore":"readmore",
        "readless":"readless",
        "ticker":"Sanofi S.A. is a French multinational pharmaceutical and healthcare company headquartered in Paris, France. Originally, the corporation was established in 1973 and merged with Synthélabo in 1999 to form Sanofi-Synthélabo"
    }
    
}
