{

    "navebar":{
        "navebar_title":"一つの大学",
        "admin":"管理者",
        "logout":"ログアウト"
    },
    "submit":"提出",
    "reset":"リセット",
    "Admin":{
        "home":{
            "home_text":"_つの大学 - 管理者ダッシュボード"
        },
        "onboarding":{
            "onbording_text":"サノフィのオンボーディング"
        },
        "userlist":{
            "search":"入力して検索します。",
            "adduser":"追加",
            "tablehead":{
                "s.no":"番号",
                "name":"名前",
                "email":"メール",
                "phone":"電話",
                "country":"国",
                "edit":"編集",
                "remove":"消去"
            },
            "confirm":"ユーザーを削除してもよろしいですか?",
            "yes":"はい",
            "no":"いいえ"
        },
        "content_edit":{
            "dashboarheader":"ダッシュボードヘッダー",
            "dashboard":"ダッシュボード"
        },

        "logo":
        {
          "logolabel":"ロゴ変更予定",
          "logocognizant":"認識している",
          "logosanofi":"サノフィ"

        },
        "sidebar":{
            "home":"ホームページ",
            "onboarding":"オンボーディ",
            "contentedit":"コンテンツ",
            "logo":"ロゴを変更する",
            "theming":"カラーテーマ"
        },
        "form":{
            "firstname":"ファーストネーム",
            "lastname":"苗字",
            "password":"パスワード",
            "confirmPassword":"パスワードを認証する",
            "state":"州",
            "city":"市",
            "address":"住所",
            "dob":"生年月日"
        }
    },
    "Landing_Page":{
        "sec1title":"サノフィ - コグニザント",
        "sec2title":"トレーニングと情報の取得",
        "ticker":"サノフィ S.A. は、フランスのパリに本社を置くフランスの多国籍製薬およびヘルスケア企業です。もともとこの企業は 1973 年に設立され、1999 年にシンセラボと合併してサノフィ シンセラボを設立しました。"
    }
}